speaker,vowel.dur
brs02,54.46818359527583
brs02,72.55401234567671
brs02,124.14501800722633
brs02,89.95707488344351
brs02,114.42490011876316
brs02,80.37135049386279
brs02,56.5429000613662
brs02,100.91771323914145
brs02,107.46183786415031
brs02,93.44863200755071
brs02,80.90359012504678
brs02,142.60355627402532
brs02,128.4327318814178
brs02,88.09581952436929
brs02,108.63815208460892
brs02,118.7602260398819
brs02,102.48153582426767
brs02,127.81183135217589
brs02,109.48264051387468
brs02,75.82781643952785
bte03,99.3158917702317
bte03,90.2365507607783
bte03,120.62234180572773
bte03,98.43989976940293
bte03,135.29933608060674
bte03,100.52154195011553
bte03,119.20266209460806
bte03,140.7108831763253
bte03,110.6118630290922
bte03,96.65528785083666
bte03,110.99277735786472
bte03,103.49807787054033
bte03,93.00906569524159
bte03,100.47250941720165
bte03,107.4244400956843
bte03,108.3912083352061
bte03,88.599167383137
bte03,84.05456851036774
bte03,127.18193944243694
bte03,152.20238095236027
jj04,77.63823478109089
jj04,65.9844033192698
jj04,98.92599941210278
jj04,143.67951625098385
jj04,95.48781179137222
jj04,81.6224267484813
jj04,157.72465176547712
jj04,150.45959082073068
jj04,77.86753085071751
jj04,161.4613252709205
jj04,99.04381625544545
jj04,114.6700389557509
jj04,82.21590983811211
jj04,92.91842133683303
jj04,93.73524411074641
jj04,121.00364783600526
jj04,113.5993391236525
jj04,119.84678110297864
jj04,105.05558500457823
jj04,83.51167987547115
shg05,122.25188964470135
shg05,59.43056651503298
shg05,100.51126311327607
shg05,76.83575858922609
shg05,98.04904677918103
shg05,58.36029983140634
shg05,77.59983209462007
shg05,72.57984970686948
shg05,65.14352200662188
shg05,93.45248645593074
shg05,106.02583721629344
shg05,81.97040636360953
shg05,77.74443110577067
shg05,77.50544969371731
shg05,85.08132939093116
shg05,61.05590221812918
shg05,54.03585349642981
shg05,51.56287330913756
shg05,71.48514649003346
shg05,68.30313905231833
tt01,79.04964828775007
tt01,68.33595064172471
tt01,98.03802707176601
tt01,92.15540522717447
tt01,124.825389351372
tt01,111.6401756469827
tt01,107.86823022664294
tt01,69.79633441620336
tt01,83.88650222927652
tt01,74.71034103815555
tt01,81.96280308703763
tt01,168.1937910520901
tt01,70.68897101288485
tt01,81.87534537793795
tt01,79.67435195898531
tt01,97.17349783142737
tt01,78.16873412118497
tt01,90.69971829364931
tt01,94.57466405954307
tt01,163.13828356200588
